make,year,price_pkr,mileage_km,engine_cc,transmission,fuel_type,city,seller_type
Honda,2022.0,3875000.0,19198.0,660.0,Automatic,Petrol,Lahore,Individual
Honda,2023.0,4025000.0,20997.0,660.0,Automatic,Petrol,Lahore,Individual
Toyota,2004.0,3500000.0,180000.0,3000.0,Manual,Diesel,Peshawar,Individual
Toyota,2017.0,8850000.0,97000.0,3000.0,Automatic,Diesel,Peshawar,Individual
Honda,2019.0,5685000.0,82000.0,1800.0,Automatic,Petrol,Rawalpindi,Individual
Toyota,2022.0,4350000.0,88182.0,1000.0,Automatic,Petrol,Lahore,Individual
Suzuki,2022.0,3990000.0,70014.0,660.0,Automatic,Hybrid,Lahore,Individual
Mitsubishi,2010.0,1850000.0,153000.0,660.0,Automatic,Petrol,Lahore,Individual
Suzuki,2022.0,3990000.0,30429.0,660.0,Automatic,Hybrid,Lahore,Individual
Toyota,2010.0,150000.0,95000.0,2700.0,Automatic,Petrol,Lahore,Individual
Toyota,2013.0,7450000.0,68000.0,2700.0,Automatic,Petrol,Sialkot,Individual
Nissan,2018.0,7250000.0,171000.0,1200.0,Automatic,Hybrid,Islamabad,Individual
Nissan,2015.0,2100000.0,75000.0,660.0,Automatic,Petrol,Karachi,Individual
Honda,2016.0,4800000.0,56000.0,1800.0,Automatic,Petrol,Hyderabad,Individual
Suzuki,2026.0,3325000.0,25.0,660.0,Automatic,Petrol,Lahore,Individual
KIA,2020.0,6700000.0,100000.0,2000.0,Automatic,Petrol,Faisalabad,Individual
Suzuki,1996.0,450000.0,100000.0,800.0,Manual,Petrol,Faisalabad,Individual
Suzuki,2001.0,800000.0,60000.0,800.0,Manual,Petrol,Muzaffarabad,Individual
Honda,2012.0,2950000.0,205000.0,1800.0,Manual,Petrol,Multan,Individual
Honda,2006.0,1700000.0,171532.0,1600.0,Manual,Petrol,Karachi,Individual
Toyota,2016.0,4380000.0,100000.0,1300.0,Automatic,Petrol,Lahore,Individual
Changan,2024.0,7800000.0,40000.0,1500.0,Automatic,Petrol,Quetta,Individual
Suzuki,2021.0,2850000.0,103000.0,1000.0,Automatic,Petrol,Lahore,Individual
Hyundai,2022.0,7300000.0,40000.0,2000.0,Automatic,Petrol,Faisalabad,Individual
Honda,2015.0,5175000.0,115000.0,1500.0,Automatic,Hybrid,Lahore,Individual
Changan,2022.0,7250000.0,61000.0,1500.0,Automatic,Petrol,Gujranwala,Individual
Suzuki,2015.0,2550000.0,168000.0,1300.0,Automatic,Petrol,Rawalpindi,Individual
Hyundai,2025.0,9300000.0,18000.0,2000.0,Automatic,Petrol,Karachi,Individual
Suzuki,2005.0,780000.0,99000.0,800.0,Manual,Petrol,Rawalpindi,Individual
Honda,2012.0,3200000.0,157000.0,1800.0,Automatic,Petrol,Islamabad,Individual
Hyundai,2007.0,1225000.0,125000.0,1000.0,Manual,Petrol,Faisalabad,Individual
Honda,2015.0,4125000.0,119000.0,1800.0,Automatic,Petrol,Kohat,Individual
Daihatsu,2017.0,2775000.0,68000.0,660.0,Automatic,Petrol,Lahore,Individual
Toyota,2022.0,6650000.0,36000.0,1800.0,Automatic,Petrol,Karachi,Individual
Suzuki,2021.0,2365000.0,41000.0,660.0,Manual,Petrol,Karachi,Individual
Toyota,2021.0,4690000.0,31000.0,1500.0,Automatic,Petrol,Karachi,Individual
Toyota,2019.0,3800000.0,109000.0,1300.0,Manual,Petrol,Lahore,Individual
Toyota,2025.0,9000000.0,14000.0,1800.0,Automatic,Hybrid,Islamabad,Individual
Honda,2018.0,3779999.9999999995,92000.0,1300.0,Automatic,Petrol,Lahore,Individual
Hyundai,2025.0,166000.0,13000.0,2500.0,Automatic,Petrol,Multan,Individual
Suzuki,2018.0,2550000.0,74000.0,1000.0,Manual,Petrol,Karachi,Individual
Toyota,2021.0,6050000.0,47000.0,1000.0,Automatic,Petrol,Karachi,Individual
Suzuki,2018.0,4350000.0,82000.0,1000.0,Automatic,Petrol,Islamabad,Individual
Jaecoo,2026.0,8190000.000000001,52.0,1500.0,Automatic,Hybrid,Lahore,Individual
Toyota,2021.0,4630000.0,64000.0,1500.0,Automatic,Petrol,Islamabad,Individual
MG,2021.0,5750000.0,95000.0,1490.0,Automatic,Petrol,Gujrat,Individual
Honda,2024.0,3975000.0,12000.0,660.0,Automatic,Petrol,Islamabad,Individual
Toyota,2011.0,2540000.0,357000.0,1300.0,Manual,Petrol,Faisalabad,Individual
Honda,2025.0,6050000.0,5000.0,1500.0,Automatic,Petrol,Lahore,Individual
Mercedes,2008.0,5500000.0,150000.0,1800.0,Automatic,Petrol,Rawalpindi,Individual
Toyota,1994.0,2050000.0,123.0,1500.0,Automatic,Petrol,Nowshera,Individual
Suzuki,2014.0,2365000.0,90000.0,660.0,Automatic,Petrol,Islamabad,Individual
Toyota,2015.0,3195000.0,98000.0,1000.0,Automatic,Petrol,Islamabad,Individual
Suzuki,2011.0,2345000.0,98000.0,660.0,Automatic,Petrol,Islamabad,Individual
Nissan,2012.0,2045000.0,98000.0,660.0,Automatic,Petrol,Islamabad,Individual
Nissan,2014.0,2345000.0,139500.0,660.0,Automatic,Petrol,Islamabad,Individual
Toyota,2023.0,4700000.0,33500.0,1000.0,Automatic,Petrol,Lahore,Individual
Toyota,2026.0,145000.0,5.0,2700.0,Automatic,Petrol,Lahore,Individual
Toyota,2015.0,2100000.0,89000.0,660.0,Automatic,Petrol,Karachi,Individual
Suzuki,2013.0,1050000.0,97000.0,796.0,Manual,Petrol,Gujrat,Individual
Nissan,2021.0,7700000.0,18000.0,40.0,Automatic,Electric,Islamabad,Individual
Toyota,2020.0,6675000.0,30000.0,1000.0,Automatic,Petrol,Islamabad,Individual
Toyota,2003.0,105000.0,135000.0,3400.0,Automatic,Petrol,Islamabad,Individual
Toyota,2026.0,152000.0,2000.0,2700.0,Automatic,Petrol,Islamabad,Individual
Proton,2022.0,5955000.0,70000.0,1500.0,Automatic,Petrol,Islamabad,Individual
Toyota,2016.0,3350000.0,145000.0,1300.0,Manual,Petrol,Abbottabad,Individual
Toyota,2001.0,1450000.0,199999.0,2000.0,Manual,Diesel,Karachi,Individual
Toyota,2003.0,100000.0,38000.0,3400.0,Automatic,Petrol,Karachi,Individual
Toyota,2022.0,4590000.0,100821.0,1000.0,Automatic,Petrol,Lahore,Individual
Toyota,2020.0,5690000.0,73619.0,1000.0,Automatic,Petrol,Lahore,Individual
Toyota,2020.0,5895000.0,106451.0,1000.0,Automatic,Petrol,Lahore,Individual
Toyota,2020.0,5790000.0,55420.0,1000.0,Automatic,Petrol,Lahore,Individual
KIA,2023.0,8000000.0,6000.0,2000.0,Automatic,Petrol,Karachi,Individual
Honda,2014.0,3500000.0,100000.0,1800.0,Automatic,Petrol,Mardan,Individual
Suzuki,2011.0,1150000.0,61900.0,800.0,Manual,Petrol,Islamabad,Individual
Toyota,2018.0,4250000.0,95000.0,1300.0,Manual,Petrol,Lahore,Individual
Toyota,2020.0,5500000.0,66000.0,1000.0,Automatic,Petrol,Gujranwala,Individual
Toyota,2022.0,2550000.0,80000.0,660.0,Manual,Petrol,Wazirabad,Individual
Honda,2022.0,7100000.0,26000.0,1500.0,Automatic,Petrol,Karachi,Individual
Honda,2014.0,3950000.0,128000.0,1800.0,Automatic,Petrol,Lahore,Individual
Suzuki,2008.0,1400000.0,100000.0,1000.0,Manual,Petrol,Faisalabad,Individual
Toyota,2021.0,4050000.0,61.0,1300.0,Automatic,Petrol,Karachi,Individual
Toyota,2006.0,4800000.0,40000.0,2500.0,Automatic,Petrol,Karachi,Individual
Toyota,2010.0,2400000.0,110000.0,1000.0,Automatic,Petrol,Lahore,Individual
Toyota,2006.0,2380000.0,160000.0,1300.0,Automatic,Petrol,Bannu,Individual
Toyota,2019.0,6500000.0,60000.0,1500.0,Automatic,Petrol,Peshawar,Individual
Suzuki,2017.0,2390000.0,204500.0,660.0,Automatic,Petrol,Wah cantt,Individual
Changan,2022.0,7875000.0,13000.0,1500.0,Automatic,Petrol,Lahore,Individual
Toyota,1998.0,3500000.0,65000.0,3000.0,Automatic,Diesel,Sheikhupura,Individual
Toyota,2015.0,4400000.0,140000.0,1500.0,Automatic,Hybrid,Fateh Jang,Individual
Suzuki,1989.0,600000.0,100000.0,800.0,Manual,Petrol,Lahore,Individual
Honda,2010.0,2200000.0,200500.0,1800.0,Manual,Petrol,Islamabad,Individual
Honda,2013.0,3180000.0,150000.0,1800.0,Automatic,Petrol,Lahore,Individual
Toyota,2018.0,4075000.0,86000.0,1000.0,Automatic,Petrol,Lahore,Individual
Toyota,2016.0,325000.0,74000.0,4600.0,Automatic,Petrol,Sialkot,Individual
Suzuki,1998.0,1240000.0,156700.0,1000.0,Manual,Petrol,Lahore,Individual
Toyota,2017.0,4400000.0,160000.0,1300.0,Manual,Petrol,Islamabad,Individual
Toyota,2018.0,5675000.0,41000.0,1800.0,Automatic,Petrol,Sialkot,Individual
Honda,2018.0,5750000.0,63000.0,1800.0,Automatic,Petrol,Sialkot,Individual
KIA,2022.0,6750000.0,50800.0,2000.0,Automatic,Petrol,Gujranwala,Individual
Toyota,2017.0,235000.0,48000.0,2700.0,Automatic,Petrol,Karachi,Individual
Suzuki,2012.0,2170000.0,200000.0,1300.0,Manual,Petrol,Peshawar,Individual
KIA,2021.0,6290000.0,112000.0,2000.0,Automatic,Petrol,Islamabad,Individual
Honda,2017.0,4850000.0,170000.0,1800.0,Automatic,Petrol,Islamabad,Individual
Toyota,2013.0,3375000.0,49500.0,1000.0,Automatic,Petrol,Islamabad,Individual
Suzuki,2007.0,980000.0000000001,100000.0,1000.0,Manual,Petrol,Lahore,Individual
Honda,2020.0,4300000.0,118000.0,1500.0,Automatic,Petrol,Lahore,Individual
Suzuki,1994.0,650000.0,100000.0,1300.0,Manual,Petrol,Islamabad,Individual
Daihatsu,2022.0,3390000.0,17500.0,660.0,Automatic,Petrol,Rawalpindi,Individual
Toyota,2015.0,3050000.0,50000.0,1300.0,Automatic,Petrol,Karachi,Individual
Suzuki,2007.0,1080000.0,50000.0,660.0,Automatic,Petrol,Karachi,Individual
Toyota,2019.0,5150000.0,92000.0,1500.0,Automatic,Hybrid,Nowshera cantt,Individual
Suzuki,2009.0,1320000.0,100000.0,1000.0,Manual,Petrol,Karachi,Individual
Hyundai,2024.0,8450000.0,26669.0,2000.0,Automatic,Petrol,Islamabad,Individual
Toyota,2008.0,2100000.0,200000.0,1300.0,Manual,Petrol,Abbottabad,Individual
Toyota,2020.0,3950000.0,84172.0,1000.0,Automatic,Petrol,Rawalpindi,Individual
Suzuki,2006.0,574000.0,41693.0,800.0,Manual,Petrol,Lahore,Individual
Suzuki,2022.0,2545000.0,44000.0,1000.0,Manual,Petrol,Islamabad,Individual
Daihatsu,2014.0,2550000.0,195000.0,660.0,Automatic,Petrol,Islamabad,Individual
Hyundai,2024.0,8500000.0,35000.0,2000.0,Automatic,Petrol,Lahore,Individual
Toyota,2019.0,5000000.0,90000.0,1600.0,Automatic,Petrol,Rawalpindi,Individual
Toyota,2022.0,4400000.0,17000.0,1000.0,Automatic,Petrol,Rawalpindi,Individual
Daihatsu,2020.0,5850000.0,69130.0,1000.0,Automatic,Petrol,Lahore,Individual
Daihatsu,2020.0,5950000.0,66641.0,1000.0,Automatic,Petrol,Lahore,Individual
Suzuki,2010.0,1725000.0,139000.0,1300.0,Manual,Petrol,Lahore,Individual
Toyota,2021.0,6550000.0,44000.0,1000.0,Automatic,Petrol,Islamabad,Individual
Mercedes,2007.0,4950000.0,160000.0,1800.0,Automatic,Petrol,Karachi,Individual
Haval,2025.0,113999.99999999999,21000.0,1500.0,Automatic,Hybrid,Islamabad,Individual
Toyota,2015.0,4200000.0,122000.0,1800.0,Automatic,Petrol,Lahore,Individual
Mercedes,2014.0,110000.00000000001,160000.0,2100.0,Automatic,Petrol,Islamabad,Individual
Mitsubishi,1995.0,4050000.0,86000.0,3500.0,Automatic,Petrol,Islamabad,Individual
Toyota,2014.0,3560000.0,120000.0,1500.0,Automatic,Hybrid,Jhelum,Individual
Suzuki,2021.0,3025000.0,40000.0,1000.0,Manual,Petrol,Mian Wali,Individual
Daihatsu,2014.0,1980000.0,150000.0,660.0,Automatic,Petrol,Karachi,Individual
Hyundai,2022.0,7175000.0,25000.0,2000.0,Automatic,Petrol,Karachi,Individual
Changan,2021.0,2200000.0,180000.0,1000.0,Manual,Petrol,Islamabad,Individual
Toyota,1998.0,110000.00000000001,185000.0,4200.0,Manual,Diesel,Islamabad,Individual
Honda,2018.0,5350000.0,155800.0,1800.0,Automatic,Petrol,Lahore,Individual
Honda,2016.0,3900000.0,120000.0,1500.0,Automatic,Petrol,Charsadda,Individual
Jaecoo,2026.0,8399000.0,8.0,1500.0,Automatic,Hybrid,Karachi,Individual
Mitsubishi,2006.0,1250000.0,231000.0,1300.0,Manual,Petrol,Karachi,Individual
Toyota,2012.0,2500000.0,81000.0,1000.0,Automatic,Petrol,Karachi,Individual
Toyota,2019.0,5200000.0,92000.0,1800.0,Automatic,Petrol,Karachi,Individual
Toyota,2022.0,6920000.0,55000.0,1800.0,Automatic,Petrol,Wazirabad,Individual
Toyota,2005.0,4550000.0,180000.0,2500.0,Automatic,Petrol,Karachi,Individual
Suzuki,2014.0,985000.0,45286.0,796.0,Manual,Petrol,Faisalabad,Individual
Toyota,2016.0,3700000.0,93000.0,1600.0,Automatic,Petrol,Karachi,Individual
Toyota,1996.0,1230000.0,122222.0,1500.0,Manual,Petrol,Charsadda,Individual
Suzuki,2017.0,2250000.0,153956.0,1000.0,Manual,Petrol,Multan,Individual
Honda,2015.0,4200000.0,109000.0,1800.0,Automatic,Petrol,Karachi,Individual
Honda,2022.0,6375000.0,21000.0,1800.0,Automatic,Petrol,Karachi,Individual
Honda,2016.0,4500000.0,86000.0,1800.0,Automatic,Petrol,Islamabad,Individual
Toyota,2018.0,128000.0,66000.0,2800.0,Automatic,Diesel,Gujrat,Individual
KIA,2021.0,7100000.0,52000.0,2000.0,Automatic,Petrol,Islamabad,Individual
Honda,2020.0,5950000.0,83000.0,1800.0,Automatic,Petrol,Gujranwala,Individual
Toyota,2016.0,3850000.0,155000.0,1600.0,Automatic,Petrol,Sargodha,Individual
Honda,2019.0,5775000.0,68000.0,1800.0,Automatic,Petrol,Gujranwala,Individual
Subaru,2014.0,150000.0,35000.0,2000.0,Automatic,Petrol,Islamabad,Individual
Toyota,2018.0,103000.0,107000.0,2800.0,Automatic,Diesel,Rawalpindi,Individual
Lexus,2018.0,650000.0,40000.0,5700.0,Automatic,Petrol,Islamabad,Individual
Toyota,2008.0,145000.0,75000.0,3500.0,Automatic,Petrol,Islamabad,Individual
Jaecoo,2026.0,8350000.0,1073.0,1500.0,Automatic,Hybrid,Rawalpindi,Individual
Toyota,2014.0,2930000.0,150.0,1000.0,Automatic,Petrol,Gujranwala,Individual
Nissan,2024.0,4150000.0,5000.0,660.0,Automatic,Hybrid,Islamabad,Individual
Daihatsu,2019.0,3275000.0,65000.0,660.0,Automatic,Petrol,Islamabad,Individual
Nissan,2007.0,1575000.0,200000.0,1200.0,Automatic,Petrol,Rawalpindi,Individual
Toyota,2012.0,6800000.0,185000.0,3000.0,Manual,Diesel,Islamabad,Individual
Suzuki,2017.0,1800000.0,85000.0,1000.0,Manual,Petrol,Lahore,Individual
Honda,2017.0,5500000.0,64000.0,1800.0,Automatic,Petrol,Gujranwala,Individual
Changan,2023.0,2490000.0,42000.0,1000.0,Manual,Petrol,Lahore,Individual
Suzuki,2020.0,2785000.0,50900.0,660.0,Automatic,Petrol,Sukkur,Individual
Honda,1998.0,1040000.0,70000.0,1500.0,Manual,Petrol,Rawalpindi,Individual
Honda,2023.0,7159999.999999999,7900.0,1500.0,Automatic,Petrol,Lahore,Individual
Suzuki,2021.0,2345000.0,52303.0,660.0,Manual,Petrol,Karachi,Individual
Toyota,2018.0,4350000.0,93000.0,1300.0,Manual,Petrol,Vehari,Individual
Daihatsu,2007.0,900000.0,123.0,800.0,Manual,Petrol,Karachi,Individual
MG,2024.0,7500000.0,19000.0,1500.0,Automatic,Petrol,Faisalabad,Individual
Suzuki,2017.0,2150000.0,84000.0,1300.0,Manual,Petrol,Karachi,Individual
Honda,2017.0,4600000.0,96000.0,1800.0,Automatic,Petrol,Karachi,Individual
Toyota,2000.0,1300000.0,160000.0,2000.0,Manual,Diesel,Lahore,Individual
Toyota,2020.0,300000.0,3000.0,3300.0,Automatic,Diesel,Sialkot,Individual
Toyota,2018.0,3800000.0,130000.0,1000.0,Automatic,Petrol,Islamabad,Individual
Toyota,2008.0,2570000.0,153379.0,1000.0,Automatic,Petrol,Islamabad,Individual
Honda,2020.0,6000000.0,59000.0,1800.0,Automatic,Petrol,Karachi,Individual
Honda,2022.0,4415000.0,60125.0,1200.0,Automatic,Petrol,Lahore,Individual
Suzuki,2019.0,2690000.0,72000.0,1000.0,Manual,Petrol,Faisalabad,Individual
Audi,2016.0,9250000.0,109000.0,2000.0,Automatic,Petrol,Sargodha,Individual
Toyota,2012.0,170000.0,76000.0,2700.0,Automatic,Petrol,Islamabad,Individual
Suzuki,2022.0,3650000.0,17500.0,660.0,Automatic,Hybrid,Islamabad,Individual
Toyota,2006.0,3200000.0,125000.0,1500.0,Automatic,Petrol,Lahore,Individual
Suzuki,2007.0,1195000.0,203000.0,1300.0,Manual,Petrol,Rawalpindi,Individual
MG,2022.0,6395000.0,50000.0,1500.0,Automatic,Petrol,Lahore,Individual
KIA,2025.0,5725000.0,10000.0,1400.0,Automatic,Petrol,Karachi,Individual
Nissan,2010.0,2950000.0,102700.0,1500.0,Automatic,Petrol,Lahore,Individual
Suzuki,2021.0,3450000.0,100000.0,1300.0,Automatic,Petrol,Wah cantt,Individual
Haval,2026.0,9480000.0,199.0,1500.0,Automatic,Petrol,Rawalpindi,Individual
Honda,2005.0,1415000.0,200000.0,1500.0,Manual,Petrol,Lahore,Individual
Suzuki,2006.0,1250000.0,150.0,1300.0,Manual,Petrol,Hyderabad,Individual
Honda,2018.0,3679999.9999999995,99250.0,1300.0,Manual,Petrol,Sargodha,Individual
Toyota,2019.0,136000.0,36200.0,2800.0,Automatic,Diesel,Gujranwala,Individual
Toyota,2012.0,3200000.0,155000.0,1300.0,Manual,Petrol,Dina,Individual
Mercedes,2010.0,9800000.0,110000.0,1800.0,Automatic,Petrol,Peshawar,Individual
Adam,2022.0,125000.0,29000.0,2800.0,Automatic,Diesel,Karachi,Individual
Suzuki,2021.0,3150000.0,44000.0,660.0,Automatic,Hybrid,Akora khattak,Individual
Suzuki,2007.0,950000.0,125000.0,1000.0,Manual,Petrol,Islamabad,Individual
Toyota,2017.0,5600000.0,71000.0,1600.0,Automatic,Petrol,Islamabad,Individual
Honda,2017.0,3850000.0,60000.0,1300.0,Manual,Petrol,Lahore,Individual
Honda,2024.0,4725000.0,42000.0,1200.0,Automatic,Petrol,Lahore,Individual
Honda,2019.0,6000000.0,72000.0,1800.0,Automatic,Petrol,Kohat,Individual
Toyota,2020.0,4370000.0,78000.0,1000.0,Automatic,Petrol,Attock,Individual
Toyota,2012.0,2520000.0,220000.0,1300.0,Manual,Petrol,Multan,Individual
Toyota,2023.0,144000.0,33000.0,2800.0,Automatic,Diesel,Islamabad,Individual
Toyota,2010.0,4600000.0,110000.0,1800.0,Automatic,Hybrid,Islamabad,Individual
Honda,2015.0,4290000.0,129000.0,1800.0,Automatic,Petrol,Islamabad,Individual
Proton,2023.0,5850000.0,50000.0,1500.0,Automatic,Petrol,Islamabad,Individual
Toyota,2026.0,143000.0,25.0,2700.0,Automatic,Petrol,Lahore,Individual
Toyota,2024.0,735000.0,40.0,3500.0,Automatic,Petrol,Karachi,Individual
Toyota,2021.0,5850000.0,33000.0,1598.0,Automatic,Petrol,Islamabad,Individual
Honda,2021.0,4749000.0,71000.0,1500.0,Automatic,Petrol,Lahore,Individual
Suzuki,2020.0,2345000.0,60000.0,660.0,Manual,Petrol,Karachi,Individual
Toyota,2015.0,3650000.0,95000.0,1500.0,Automatic,Hybrid,Karachi,Individual
Hyundai,2021.0,7400000.0,78000.0,2000.0,Automatic,Petrol,Islamabad,Individual
KIA,2021.0,2970000.0,70000.0,1000.0,Automatic,Petrol,Islamabad,Individual
Suzuki,2026.0,3025000.0,15.0,660.0,Manual,Petrol,Chakwal,Individual
Toyota,2026.0,5050000.0,1.0,1300.0,Automatic,Petrol,Karachi,Individual
Toyota,2014.0,3200000.0,182000.0,1300.0,Manual,Petrol,Quetta,Individual
Honda,2018.0,3370000.0000000005,76000.0,1300.0,Manual,Petrol,Lahore,Individual
Suzuki,2007.0,985000.0,233100.0,1000.0,Manual,Petrol,Muridke,Individual
Toyota,2021.0,5500000.0,75000.0,1000.0,Automatic,Petrol,Sialkot,Individual
Changan,2025.0,8450000.0,6800.0,1500.0,Automatic,Petrol,Faisalabad,Individual
Hyundai,2020.0,6400000.0,54000.0,2000.0,Automatic,Petrol,Lahore,Individual
Suzuki,2022.0,2685000.0,50000.0,1000.0,Manual,Petrol,Rawalpindi,Individual
Toyota,2011.0,3300000.0,120000.0,1600.0,Automatic,Petrol,Peshawar,Individual
Honda,2011.0,2975000.0,80000.0,1500.0,Automatic,Hybrid,Lahore,Individual
Adam,2017.0,9500000.0,78000.0,3000.0,Automatic,Diesel,Karachi,Individual
Honda,2000.0,1170000.0,160000.0,1300.0,Manual,Petrol,Multan,Individual
Toyota,2010.0,3500000.0,127000.0,1300.0,Manual,Petrol,Sargodha,Individual
Chevrolet,2008.0,960000.0,208595.0,1000.0,Manual,Petrol,Sialkot,Individual
KIA,2022.0,2680000.0,55000.0,1000.0,Manual,Petrol,Karachi,Individual
Toyota,2020.0,5250000.0,88100.0,1600.0,Automatic,Petrol,Multan,Individual
Suzuki,2005.0,919999.9999999999,37990.0,800.0,Manual,Petrol,Rawalpindi,Individual
Nissan,2007.0,1725000.0,150000.0,1400.0,Automatic,Petrol,Lahore,Individual
Toyota,2020.0,3800000.0,49000.0,1300.0,Automatic,Petrol,Karachi,Individual
Honda,2015.0,2610000.0,150000.0,1300.0,Manual,Petrol,Lahore,Individual
Honda,2018.0,3379999.9999999995,128000.0,1300.0,Manual,Petrol,Faisalabad,Individual
KIA,2021.0,6800000.0,43497.0,2400.0,Automatic,Petrol,Karachi,Individual
Honda,2002.0,1825000.0,165000.0,1600.0,Automatic,Petrol,Islamabad,Individual
Honda,2019.0,6750000.0,180000.0,1500.0,Automatic,Hybrid,Peshawar,Individual
MG,2021.0,6000000.0,50000.0,1490.0,Automatic,Petrol,Lahore,Individual
Daihatsu,2020.0,5800000.0,49000.0,1000.0,Automatic,Petrol,Karachi,Individual
KIA,2020.0,6350000.0,95000.0,2000.0,Automatic,Petrol,Lahore,Individual
Toyota,2022.0,378000.0,40000.0,2800.0,Automatic,Diesel,Lahore,Individual
Toyota,2023.0,172000.0,60000.0,2800.0,Automatic,Diesel,Karachi,Individual
Toyota,2023.0,190000.0,41000.0,2800.0,Automatic,Diesel,Lahore,Individual
Toyota,2021.0,9000000.0,29500.0,1500.0,Automatic,Hybrid,Islamabad,Individual
Honda,2018.0,5290000.0,120000.0,1800.0,Automatic,Petrol,Lahore,Individual
Honda,2020.0,4150000.0,100000.0,1500.0,Automatic,Petrol,Islamabad,Individual
KIA,2025.0,5750000.0,17900.0,1400.0,Automatic,Petrol,Islamabad,Individual
Daihatsu,2011.0,3600000.0,111000.0,1500.0,Automatic,Petrol,Mandra,Individual
Haval,2025.0,118000.0,10000.0,1500.0,Automatic,Hybrid,Gujrat,Individual
Toyota,2007.0,2980000.0,150000.0,1500.0,Automatic,Petrol,Rawalpindi,Individual
Toyota,2016.0,2200000.0,150000.0,660.0,Automatic,Petrol,Hyderabad,Individual
Suzuki,2022.0,3250000.0,26000.0,1000.0,Manual,Petrol,Karachi,Individual
Suzuki,2019.0,2900000.0,38000.0,1000.0,Manual,Petrol,Lahore,Individual
Suzuki,2005.0,950000.0,85000.0,1000.0,Manual,Petrol,Karachi,Individual
Daihatsu,2018.0,2400000.0,124266.0,660.0,Automatic,Petrol,Karachi,Individual
Mitsubishi,1995.0,1250000.0,1.0,660.0,Manual,Petrol,Wah cantt,Individual
Adam,2020.0,114999.99999999999,59000.0,1051.0,Automatic,Diesel,Peshawar,Individual
Hyundai,2022.0,7200000.0,65000.0,2000.0,Automatic,Petrol,Lahore,Individual
Suzuki,2016.0,1300000.0,69000.0,796.0,Manual,Petrol,Islamabad,Individual
KIA,2025.0,108000.0,23000.0,1600.0,Automatic,Hybrid,Islamabad,Individual
United,2019.0,775000.0,60000.0,800.0,Manual,LPG,Karachi,Individual
Toyota,2004.0,1800000.0,300000.0,1300.0,Manual,Petrol,Mansehra,Individual
Suzuki,2006.0,630000.0,150000.0,800.0,Manual,Petrol,Lahore,Individual
Honda,2018.0,3450000.0,111000.0,1300.0,Manual,Petrol,Faisalabad,Individual
Honda,2019.0,3840000.0,105000.0,1300.0,Manual,Petrol,Lahore,Individual
MG,2021.0,5750000.0,96000.0,1490.0,Automatic,Petrol,Islamabad,Individual
Toyota,2021.0,285000.0,61500.0,2700.0,Automatic,Petrol,Rawalpindi,Individual
Haval,2024.0,108000.0,41000.0,1500.0,Automatic,Hybrid,Lahore,Individual
Nissan,2007.0,1850000.0,135000.0,660.0,Automatic,Petrol,Islamabad,Individual
Honda,2016.0,3650000.0,111636.0,1300.0,Manual,Petrol,Faisalabad,Individual
Peugeot,2023.0,6300000.0,3948.0,1200.0,Automatic,Petrol,Karachi,Individual
Toyota,2003.0,7580000.0,83000.0,2700.0,Automatic,Petrol,Karachi,Individual
Honda,2016.0,4500000.0,54482.0,1500.0,Automatic,Petrol,Karachi,Individual
Daihatsu,2019.0,3300000.0,80389.0,660.0,Automatic,Petrol,Karachi,Individual
Toyota,2013.0,7500000.0,170000.0,2400.0,Automatic,Diesel,Lahore,Individual
Toyota,2020.0,6250000.0,30581.0,1000.0,Automatic,Petrol,Karachi,Individual
Suzuki,2006.0,1475000.0,118000.0,1300.0,Manual,Petrol,Lahore,Individual
Toyota,2022.0,6900000.0,45000.0,1800.0,Automatic,Petrol,Bahawalpur,Individual
Toyota,2022.0,6300000.0,61000.0,1600.0,Automatic,Petrol,Rawalpindi,Individual
Honda,2013.0,3500000.0,136000.0,1800.0,Automatic,Petrol,Karachi,Individual
Toyota,2023.0,4650000.0,46000.0,1000.0,Automatic,Petrol,Lahore,Individual
Haval,2024.0,106000.0,47000.0,1500.0,Automatic,Hybrid,Lahore,Individual
Suzuki,2022.0,3750000.0,55700.0,1200.0,Manual,Petrol,Karachi,Individual
Honda,2008.0,2300000.0,128321.0,1300.0,Manual,Petrol,Rawalpindi,Individual
Haval,2026.0,9850000.0,4300.0,1500.0,Automatic,Petrol,Sadiqabad,Individual
Suzuki,2018.0,2400000.0,65000.0,1000.0,Manual,Petrol,Karachi,Individual
Suzuki,2021.0,2350000.0,78000.0,660.0,Manual,Petrol,Karachi,Individual
Suzuki,2021.0,2680000.0,40000.0,660.0,Automatic,Petrol,Quetta,Individual
Toyota,2008.0,2520000.0,146000.0,1300.0,Manual,Petrol,Islamabad,Individual
Haval,2024.0,111000.00000000001,33000.0,1500.0,Automatic,Hybrid,Islamabad,Individual
Toyota,2002.0,1950000.0,160000.0,1000.0,Automatic,Petrol,Islamabad,Individual
Honda,2007.0,2300000.0,177173.0,1800.0,Automatic,Petrol,Rawalpindi,Individual
Suzuki,2022.0,4390000.0,5000.0,1200.0,Automatic,Petrol,Lahore,Individual
Honda,2022.0,9000000.0,4800.0,1500.0,Automatic,Petrol,Karachi,Individual
Haval,2025.0,131000.0,7000.0,1500.0,Automatic,PHEV,Sialkot,Individual
Honda,2025.0,7200000.0,1.0,1500.0,Automatic,Hybrid,Lahore,Individual
Toyota,2022.0,7100000.0,51952.0,1800.0,Automatic,Petrol,Lahore,Individual
Honda,2021.0,4895000.0,70000.0,1500.0,Automatic,Petrol,Rawalpindi,Individual
MG,2021.0,6189000.0,50000.0,1500.0,Automatic,Petrol,Islamabad,Individual
Lexus,2011.0,7200000.0,205481.0,3500.0,Automatic,Hybrid,Lahore,Individual
Toyota,2015.0,4730000.0,35312.0,1300.0,Automatic,Petrol,Lahore,Individual
KIA,2025.0,4850000.0,5700.0,1400.0,Automatic,Petrol,Lahore,Individual
Suzuki,2004.0,1150000.0,312497.0,1300.0,Manual,Petrol,Rawalpindi,Individual
KIA,2021.0,7200000.0,62000.0,2400.0,Automatic,Petrol,Multan,Individual
Hyundai,2023.0,5800000.0,23468.0,1600.0,Automatic,Petrol,Karachi,Individual
Toyota,2025.0,8800000.0,48068.0,1800.0,Automatic,Hybrid,Rawalpindi,Individual
Honda,2013.0,3550000.0,110000.0,1800.0,Manual,Petrol,Lahore,Individual
Hyundai,2025.0,6950000.0,7024.0,2000.0,Automatic,Petrol,Islamabad,Individual
Toyota,2021.0,4850000.0,35700.0,1500.0,Automatic,Petrol,Lahore,Individual
Honda,2020.0,3850000.0,59000.0,1300.0,Manual,Petrol,Toba Tek Singh,Individual
Suzuki,2019.0,2400000.0,127000.0,1000.0,Manual,Petrol,Multan,Individual
Suzuki,1993.0,420000.0,500000.0,800.0,Manual,Petrol,Lahore,Individual
Daihatsu,2008.0,1050000.0,165000.0,800.0,Manual,Petrol,Lahore,Individual
Honda,2015.0,4450000.0,179000.0,1500.0,Automatic,Petrol,Lahore,Individual
Suzuki,2004.0,740000.0,200000.0,1000.0,Manual,Petrol,Bhera,Individual
Toyota,2016.0,3950000.0,92000.0,1300.0,Automatic,Petrol,Lahore,Individual
Honda,2016.0,3750000.0,100000.0,1500.0,Manual,Petrol,Lahore,Individual
Honda,2023.0,8500000.0,54000.0,1500.0,Automatic,Petrol,Peshawar,Individual
Toyota,2020.0,5350000.0,100000.0,1600.0,Automatic,Petrol,Gujranwala,Individual
Toyota,2022.0,4430000.0,52000.0,1300.0,Manual,Petrol,Bahawalnagar,Individual
Toyota,2013.0,2800000.0,148000.0,1300.0,Manual,Petrol,Islamabad,Individual
Toyota,2008.0,3100000.0,298000.0,1500.0,Automatic,Hybrid,Peshawar,Individual
Toyota,2012.0,3375000.0,170000.0,1600.0,Manual,Petrol,Rawalpindi,Individual
Honda,2021.0,4300000.0,39000.0,1200.0,Manual,Petrol,Islamabad,Individual
Toyota,2007.0,3450000.0,175000.0,1500.0,Automatic,Petrol,Rawalpindi,Individual
Suzuki,1998.0,625000.0,100000.0,1300.0,Manual,Petrol,Faisalabad,Individual
Toyota,2017.0,4200000.0,95000.0,1300.0,Manual,Petrol,Jalalpur Jattan,Individual
Suzuki,2003.0,1070000.0,999.0,1300.0,Manual,Petrol,Islamabad,Individual
United,2019.0,1050000.0,38949.0,800.0,Manual,Petrol,Lahore,Individual
Honda,2018.0,5350000.0,114587.0,1800.0,Automatic,Petrol,Islamabad,Individual
Mitsubishi,2022.0,3750000.0,49035.0,660.0,Automatic,Petrol,Gujranwala,Individual
Suzuki,2021.0,2300000.0,36000.0,660.0,Manual,Petrol,Karachi,Individual
Honda,2017.0,3400000.0,39065.0,1300.0,Manual,Petrol,Karachi,Individual
Toyota,2015.0,4500000.0,99126.0,1300.0,Automatic,Petrol,Islamabad,Individual
Toyota,2010.0,2400000.0,110199.0,1300.0,Manual,Petrol,Karachi,Individual
Toyota,2018.0,5100000.0,62282.0,1600.0,Automatic,Petrol,Lahore,Individual
Toyota,2019.0,4750000.0,89000.0,1300.0,Automatic,Petrol,Sargodha,Individual
Honda,2015.0,4550000.0,173000.0,1500.0,Automatic,Hybrid,Islamabad,Individual
Suzuki,2019.0,2200000.0,90000.0,660.0,Manual,Petrol,Lahore,Individual
Nissan,2022.0,3625000.0,35000.0,660.0,Automatic,Hybrid,Gujranwala,Individual
Nissan,2006.0,2610000.0,102000.0,1500.0,Automatic,Petrol,Gujranwala,Individual
Toyota,2014.0,340000.0,33000.0,1300.0,Manual,Petrol,Rawalpindi,Individual
Honda,2018.0,7490000.000000001,70000.0,1500.0,Automatic,Hybrid,Islamabad,Individual
Suzuki,2026.0,3100000.0,5.0,660.0,Manual,Petrol,Hyderabad,Individual
Suzuki,2012.0,1270000.0,100000.0,1000.0,Manual,Petrol,Karachi,Individual
Honda,2007.0,1700000.0,99000.0,1300.0,Automatic,Petrol,Lahore,Individual
KIA,2022.0,6900000.0,71000.0,2000.0,Automatic,Petrol,Sialkot,Individual
Honda,2022.0,5050000.0,49500.0,1500.0,Automatic,Petrol,Lahore,Individual
Suzuki,2024.0,2800000.0,19000.0,660.0,Manual,Petrol,Wazirabad,Individual
Toyota,1986.0,720000.0,100000.0,1500.0,Automatic,LPG,Peshawar,Individual
Toyota,2017.0,3700000.0,111000.0,996.0,Automatic,Petrol,Lahore,Individual
Toyota,2016.0,3700000.0,137000.0,1300.0,Manual,Petrol,Mandi bahauddin,Individual
Daihatsu,2022.0,3595000.0000000005,33000.0,660.0,Automatic,Petrol,Lahore,Individual
Toyota,2011.0,3050000.0,95000.0,1000.0,Automatic,Petrol,Lahore,Individual
Suzuki,2014.0,1550000.0,100000.0,1000.0,Manual,Petrol,Karachi,Individual
Toyota,2017.0,8500000.0,89340.0,1800.0,Automatic,PHEV,Lahore,Individual
Honda,2019.0,5350000.0,67000.0,1800.0,Automatic,Petrol,Karachi,Individual
KIA,2024.0,8000000.0,33866.0,2400.0,Automatic,Petrol,Karachi,Individual
Daihatsu,2022.0,3850000.0,42805.0,660.0,Automatic,Petrol,Peshawar,Individual
Mitsubishi,2010.0,3750000.0,125072.0,1800.0,Automatic,Petrol,Karachi,Individual
Suzuki,2020.0,2930000.0,116000.0,660.0,Automatic,Petrol,Karachi,Individual
Hyundai,2023.0,9250000.0,57000.0,2500.0,Automatic,Petrol,Lahore,Individual
Toyota,2011.0,2800000.0,184229.0,1300.0,Manual,Petrol,Lahore,Individual
Daihatsu,2021.0,4550000.0,61509.0,660.0,Automatic,Petrol,Peshawar,Individual
Suzuki,2021.0,3350000.0,65000.0,660.0,Automatic,Petrol,Gujrat,Individual
Changan,2020.0,2050000.0,44000.0,1000.0,Manual,Petrol,Karachi,Individual
Peugeot,2022.0,5850000.0,48500.0,1200.0,Automatic,Petrol,Karachi,Individual
Suzuki,2007.0,700000.0,200000.0,1000.0,Manual,CNG,Peshawar,Individual
Suzuki,2011.0,1980000.0,123000.0,1300.0,Manual,Petrol,Lahore,Individual
Nissan,1990.0,600000.0,100000.0,1000.0,Manual,Petrol,Chakwal,Individual
Honda,2017.0,3650000.0,118600.0,1500.0,Manual,Petrol,Sheikhupura,Individual
Daihatsu,2020.0,2450000.0,104000.0,660.0,Automatic,Petrol,Karachi,Individual
Hyundai,2020.0,6970000.0,43000.0,2000.0,Automatic,Petrol,Karachi,Individual
Suzuki,2008.0,1150000.0,146337.0,1000.0,Manual,Petrol,Quetta,Individual
Toyota,2013.0,3220000.0000000005,119000.0,1300.0,Manual,Petrol,Rawalpindi,Individual
Suzuki,2016.0,2250000.0,115000.0,1000.0,Manual,Petrol,Rawalpindi,Individual
Toyota,2018.0,3850000.0,217000.0,1300.0,Manual,Petrol,Chichawatni,Individual
Suzuki,2008.0,785000.0,80000.0,800.0,Manual,LPG,Lahore,Individual
Toyota,2023.0,4650000.0,40000.0,1300.0,Automatic,Petrol,Karachi,Individual
Toyota,2018.0,5100000.0,71500.0,1600.0,Automatic,Petrol,Islamabad,Individual
Suzuki,2007.0,1500000.0,142000.0,1000.0,Manual,Petrol,Islamabad,Individual
Honda,2007.0,2700000.0,338509.0,2400.0,Automatic,Petrol,Rawalpindi,Individual
Toyota,2024.0,6350000.0,50000.0,1600.0,Automatic,Petrol,Lahore,Individual
Honda,2020.0,4125000.0,49890.0,1300.0,Automatic,Petrol,Lahore,Individual
Hyundai,2021.0,8450000.0,59932.0,2500.0,Automatic,Petrol,Islamabad,Individual
Haval,2024.0,9000000.0,33953.0,1500.0,Automatic,Petrol,Lahore,Individual
Toyota,2025.0,8050000.0,7800.0,1800.0,Automatic,Petrol,Islamabad,Individual
Toyota,2018.0,5090000.0,126547.0,1500.0,Automatic,Hybrid,Lahore,Individual
Hyundai,2023.0,5850000.0,28000.0,1600.0,Automatic,Petrol,Islamabad,Individual
Suzuki,2016.0,1350000.0,53497.0,800.0,Manual,Petrol,Karachi,Individual
Haval,2026.0,9950000.0,3600.0,1500.0,Automatic,Petrol,Karachi,Individual
KIA,2024.0,9500000.0,64310.0,3500.0,Automatic,Petrol,Islamabad,Individual
Toyota,2018.0,9400000.0,102535.0,3000.0,Automatic,Diesel,Karachi,Individual
Suzuki,2023.0,3950000.0,46000.0,1200.0,Manual,Petrol,Faisalabad,Individual
Suzuki,2010.0,950000.0,160.0,800.0,Manual,Petrol,Hafizabad,Individual
Toyota,2020.0,5500000.0,107000.0,1300.0,Automatic,Petrol,Gujrat,Individual
Hyundai,2022.0,7150000.0,42000.0,2000.0,Automatic,Petrol,Chiniot,Individual
Daihatsu,2003.0,1400000.0,999990.0,660.0,Automatic,Petrol,Karachi,Individual
Suzuki,2015.0,2750000.0,121800.0,1300.0,Automatic,Petrol,Attock,Individual
Toyota,2009.0,2830000.0,270000.0,1300.0,Manual,Petrol,Islamabad,Individual
Suzuki,2018.0,1350000.0,140000.0,796.0,Manual,Petrol,Lahore,Individual
Toyota,2013.0,3850000.0,178000.0,1600.0,Automatic,Petrol,Islamabad,Individual
Toyota,2019.0,8500000.0,69000.0,1800.0,Automatic,Hybrid,Gujranwala,Individual
Toyota,2023.0,6550000.0,33000.0,1600.0,Automatic,Petrol,Faisalabad,Individual
Suzuki,2017.0,2390000.0,85000.0,1000.0,Manual,Petrol,Multan,Individual
Toyota,2006.0,3225000.0,272000.0,1800.0,Automatic,Petrol,Islamabad,Individual
Toyota,2021.0,4900000.0,47700.0,1600.0,Automatic,Petrol,Okara,Individual
Mitsubishi,2007.0,1575000.0,125808.0,660.0,Automatic,Petrol,Lahore,Individual
Toyota,2012.0,3100000.0,200000.0,1300.0,Manual,Petrol,Dina,Individual
Honda,2020.0,3750000.0,156400.0,1300.0,Automatic,Petrol,Lahore,Individual
Toyota,2011.0,2650000.0,140000.0,1300.0,Manual,Petrol,Peshawar,Individual
Fiat,2020.0,1200000.0,60000.0,660.0,Automatic,Petrol,Rawalpindi,Individual
Mitsubishi,2017.0,1750000.0,95250.0,660.0,Automatic,Petrol,Lahore,Individual
Suzuki,2016.0,2200000.0,126000.0,1000.0,Manual,Petrol,Lahore,Individual
Suzuki,2026.0,4450000.0,50.0,1000.0,Manual,Petrol,Lahore,Individual
Toyota,2021.0,4250000.0,22365.0,1300.0,Manual,Petrol,Lahore,Individual
Honda,2020.0,4390000.0,23142.0,1500.0,Automatic,Petrol,Gujrat,Individual
Toyota,2022.0,4199000.0,129000.0,1000.0,Automatic,Petrol,Islamabad,Individual
Suzuki,2022.0,3979999.9999999995,67000.0,1200.0,Automatic,Petrol,Lahore,Individual
Mercedes,2019.0,185000.0,44797.0,1600.0,Automatic,Petrol,Lahore,Individual
Suzuki,2022.0,3450000.0,60000.0,1000.0,Manual,Petrol,Islamabad,Individual
Suzuki,2018.0,3300000.0,114955.0,1300.0,Automatic,Petrol,Islamabad,Individual
Honda,2020.0,4390000.0,22958.0,1500.0,Automatic,Petrol,Gujranwala,Individual
Toyota,2012.0,3375000.0,90000.0,1500.0,Automatic,Hybrid,Lahore,Individual
MG,2022.0,6300000.0,6234.0,1500.0,Automatic,Petrol,Karachi,Individual
Toyota,2013.0,2750000.0,98600.0,1000.0,Automatic,Petrol,Lahore,Individual
Suzuki,2025.0,2900000.0,21000.0,660.0,Manual,Petrol,Karachi,Individual
Honda,2017.0,5195000.0,123000.0,1800.0,Automatic,Petrol,Lahore,Individual
Toyota,2016.0,3360000.0,162500.0,1300.0,Manual,Petrol,Lahore,Individual
Toyota,2014.0,2800000.0,116000.0,1000.0,Automatic,Petrol,Gujranwala,Individual
Jetour,2026.0,8000000.0,3500.0,1498.0,Automatic,Petrol,Multan,Individual
BMW,2006.0,5500000.0,200.0,3000.0,Automatic,Diesel,Khanewal,Individual
Toyota,2012.0,3700000.0,120000.0,1600.0,Automatic,Petrol,Peshawar,Individual
Daihatsu,2013.0,1989999.9999999998,124800.0,660.0,Automatic,Petrol,Lahore,Individual
Suzuki,2007.0,1050000.0,100000.0,1000.0,Manual,Petrol,Lahore,Individual
Suzuki,2016.0,2400000.0,125.0,1300.0,Manual,Petrol,Lahore,Individual
Toyota,2012.0,3700000.0,93000.0,1300.0,Manual,Petrol,Lahore,Individual
Toyota,2013.0,7000000.0,150000.0,2700.0,Automatic,Petrol,Lahore,Individual
Daihatsu,2017.0,2990000.0,52000.0,660.0,Automatic,Petrol,Vehari,Individual
Honda,2014.0,3695000.0000000005,129000.0,1800.0,Automatic,Petrol,Mandi bahauddin,Individual
Suzuki,2015.0,1150000.0,63000.0,796.0,Manual,Petrol,Lahore,Individual
Honda,2021.0,2950000.0,26000.0,660.0,Automatic,Petrol,Peshawar,Individual
Toyota,2015.0,4200000.0,63000.0,1300.0,Automatic,Petrol,Lahore,Individual
Toyota,2016.0,4100000.0,96607.0,1600.0,Automatic,Petrol,Karachi,Individual
Suzuki,1994.0,380000.0,200000.0,1000.0,Manual,LPG,Karachi,Individual
Honda,2020.0,4450000.0,53000.0,1500.0,Automatic,Petrol,Rawalpindi,Individual
Honda,2022.0,5050000.0,62350.0,1500.0,Automatic,Petrol,Jalalpur Pirwala,Individual
KIA,2021.0,6850000.0,81500.0,2000.0,Automatic,Petrol,Sialkot,Individual
MG,2021.0,6200000.0,67336.0,1500.0,Automatic,Petrol,Lahore,Individual
Toyota,2022.0,5600000.0,58751.0,1600.0,Automatic,Petrol,Lahore,Individual
BMW,2004.0,4800000.0,100000.0,3600.0,Automatic,Petrol,Karachi,Individual
Toyota,2017.0,3850000.0,95000.0,1300.0,Manual,Petrol,Islamabad,Individual
Honda,2019.0,7295000.0,61000.0,1500.0,Automatic,Petrol,Lahore,Individual
Honda,2016.0,4950000.0,79525.0,1800.0,Automatic,Petrol,Lahore,Individual
Suzuki,2007.0,900000.0,50000.0,660.0,Automatic,Petrol,Rawalpindi,Individual
Suzuki,2019.0,1989999.9999999998,90000.0,1000.0,Manual,Petrol,Sialkot,Individual
Honda,2017.0,4700000.0,128000.0,1800.0,Automatic,Petrol,Lahore,Individual
Honda,2013.0,3180000.0,68000.0,1800.0,Automatic,Petrol,Islamabad,Individual
Suzuki,2016.0,1889999.9999999998,60000.0,1000.0,Manual,Petrol,Islamabad,Individual
Toyota,2020.0,4800000.0,57600.0,1600.0,Automatic,Petrol,Kamoke,Individual
Honda,2013.0,2670000.0,67500.0,1500.0,Automatic,Petrol,Islamabad,Individual
Suzuki,2007.0,930000.0000000001,55980.0,800.0,Manual,Petrol,Murree,Individual
Toyota,2007.0,2360000.0,100000.0,1500.0,Automatic,Petrol,Faisalabad,Individual
Suzuki,2022.0,3040000.0,50961.0,1000.0,Manual,Petrol,Lahore,Individual
Toyota,2021.0,4500000.0,290000.0,1500.0,Automatic,Petrol,Lahore,Individual
Toyota,1999.0,1150000.0,200000.0,1300.0,Manual,Petrol,Karachi,Individual
Suzuki,2013.0,2240000.0,87000.0,660.0,Automatic,Petrol,Peshawar,Individual
Suzuki,2006.0,985000.0,100000.0,1000.0,Manual,Petrol,Lahore,Individual
Suzuki,2011.0,1125000.0,64000.0,800.0,Manual,Petrol,Islamabad,Individual
Toyota,2006.0,3250000.0,150000.0,1500.0,Automatic,Petrol,Rawalpindi,Individual
Suzuki,2005.0,1100000.0,30000.0,660.0,Automatic,Petrol,Karachi,Individual
Hyundai,2021.0,7150000.0,60000.0,2000.0,Automatic,Petrol,Faisalabad,Individual
Honda,2002.0,160000.0,300000.0,1600.0,Manual,Petrol,Islamabad,Individual
Honda,2023.0,3650000.0,21000.0,660.0,Automatic,Petrol,Lahore,Individual
Daihatsu,2008.0,1250000.0,145755.0,800.0,Manual,Petrol,Lahore,Individual
Honda,2018.0,3900000.0,110000.0,1500.0,Manual,Petrol,Faisalabad,Individual
Toyota,2026.0,8500000.0,359.0,1800.0,Automatic,Petrol,Islamabad,Individual
Toyota,2015.0,4100000.0,68000.0,1800.0,Automatic,Petrol,Karachi,Individual
FAW,2017.0,1395000.0,60000.0,1300.0,Manual,Petrol,Karachi,Individual
Jetour,2026.0,8350000.0,250.0,1498.0,Automatic,Petrol,Islamabad,Individual
Audi,2020.0,136000.0,60000.0,600.0,Automatic,Electric,Lahore,Individual
Honda,2016.0,4800000.0,54985.0,1500.0,Automatic,Petrol,Karachi,Individual
Honda,2023.0,4700000.0,73394.0,1500.0,Automatic,Petrol,Islamabad,Individual
KIA,2021.0,6600000.0,128000.0,2000.0,Automatic,Petrol,Islamabad,Individual
Daihatsu,2021.0,3500000.0,117420.0,658.0,Automatic,Petrol,Islamabad,Individual
Hyundai,2023.0,9400000.0,52000.0,2500.0,Automatic,Petrol,Islamabad,Individual
Honda,2021.0,6350000.0,55000.0,1800.0,Automatic,Petrol,Lahore,Individual
Suzuki,2014.0,1450000.0,14000.0,796.0,Manual,Petrol,Islamabad,Individual
Adam,2021.0,117000.0,58000.0,2800.0,Automatic,Diesel,Islamabad,Individual
Toyota,2009.0,2600000.0,100000.0,1800.0,Automatic,Petrol,Islamabad,Individual
Suzuki,2004.0,890000.0,89000.0,1000.0,Manual,Petrol,Islamabad,Individual
Honda,2010.0,2840000.0,140000.0,1300.0,Manual,Petrol,Rawalpindi,Individual
Toyota,2003.0,1700000.0,133000.0,1000.0,Automatic,Petrol,Karachi,Individual
Suzuki,2019.0,210000.0,190000.0,1000.0,Manual,Petrol,Lahore,Individual
Honda,2017.0,4100000.0,79000.0,1800.0,Automatic,Petrol,Karachi,Individual
Toyota,2007.0,2700000.0,260000.0,1500.0,Automatic,Hybrid,Karachi,Individual
Toyota,2004.0,1775000.0,150000.0,1600.0,Automatic,Petrol,Karachi,Individual
Haval,2024.0,109000.00000000001,38000.0,1500.0,Automatic,Hybrid,Islamabad,Individual
Honda,2018.0,3400000.0,113974.0,1300.0,Manual,Petrol,Bahawalpur,Individual
Honda,1998.0,950000.0,90000.0,1500.0,Manual,Petrol,Islamabad,Individual
Toyota,2015.0,4550000.0,130000.0,1800.0,Automatic,Petrol,Lahore,Individual
Nissan,2022.0,3950000.0,114000.0,660.0,Automatic,Hybrid,Sialkot,Individual
Toyota,2013.0,3090000.0,160000.0,1500.0,Automatic,Petrol,Lahore,Individual
Toyota,2017.0,4170000.0000000005,88000.0,1300.0,Automatic,Petrol,Lahore,Individual
Toyota,2023.0,139000.0,40000.0,2800.0,Automatic,Diesel,Lahore,Individual
Honda,2024.0,8900000.0,30000.0,1500.0,Automatic,Petrol,Multan,Individual
Toyota,2025.0,6650000.0,5000.0,1600.0,Automatic,Petrol,Karachi,Individual
Honda,2024.0,4700000.0,7171.0,1200.0,Automatic,Petrol,Karachi,Individual
Toyota,2024.0,7850000.0,19000.0,1800.0,Automatic,Petrol,Lahore,Individual
Toyota,2025.0,7650000.0,22000.0,1800.0,Automatic,Petrol,Lahore,Individual
Haval,2025.0,105000.0,48000.0,1500.0,Automatic,Hybrid,Lahore,Individual
Changan,2023.0,7800000.0,7665.0,1500.0,Automatic,Petrol,Karachi,Individual
Toyota,2022.0,4100000.0,34014.0,1300.0,Manual,Petrol,Islamabad,Individual
Toyota,2000.0,1600000.0,210000.0,1000.0,Automatic,Petrol,Rawalpindi,Individual
Toyota,1993.0,600000.0,80000.0,1000.0,Manual,Petrol,Rawalpindi,Individual
Honda,2016.0,3479999.9999999995,55000.0,1300.0,Automatic,Petrol,Peshawar,Individual
KIA,2021.0,6800000.0,61000.0,2000.0,Automatic,Petrol,Karachi,Individual
Suzuki,2014.0,1185000.0,145000.0,796.0,Manual,Petrol,Islamabad,Individual
Changan,2024.0,8200000.0,19000.0,1500.0,Automatic,Petrol,Islamabad,Individual
Toyota,2019.0,5000000.0,28700.0,1300.0,Manual,Petrol,Farooqabad,Individual
Daihatsu,2006.0,700000.0,12.0,800.0,Manual,Petrol,Karachi,Individual
Honda,2019.0,5175000.0,40000.0,1800.0,Automatic,Petrol,Lahore,Individual
Honda,2005.0,1950000.0,150000.0,1300.0,Manual,Petrol,Lahore,Individual
Suzuki,2021.0,3100000.0,85000.0,1000.0,Manual,Petrol,Lahore,Individual
Suzuki,2019.0,2150000.0,95000.0,1000.0,Manual,Petrol,Lahore,Individual
Suzuki,2010.0,1495000.0,98000.0,660.0,Automatic,Petrol,Gujrat,Individual
Honda,2024.0,9300000.0,9500.0,1500.0,Automatic,Petrol,Islamabad,Individual
Suzuki,2018.0,2585000.0,67000.0,1000.0,Manual,Petrol,Lahore,Individual
Suzuki,2021.0,3100000.0,80000.0,1000.0,Manual,Petrol,Lahore,Individual
MG,2025.0,8950000.0,15708.0,1500.0,Automatic,PHEV,Lahore,Individual
Toyota,2005.0,8800000.0,153966.0,4000.0,Automatic,Petrol,Lahore,Individual
Toyota,2007.0,4250000.0,72000.0,1500.0,Automatic,Petrol,Quetta,Individual
Toyota,2022.0,138000.0,59931.0,2800.0,Automatic,Diesel,Karachi,Individual
Honda,2020.0,6950000.0,34000.0,1500.0,Automatic,Petrol,Peshawar,Individual
Haval,2025.0,9750000.0,17000.0,1500.0,Automatic,Petrol,Islamabad,Individual
Suzuki,2015.0,1200000.0,80000.0,796.0,Manual,Petrol,Rawalpindi,Individual
Toyota,2014.0,3550000.0,145000.0,1600.0,Manual,Petrol,Islamabad,Individual
Suzuki,2007.0,800000.0,150000.0,1000.0,Manual,LPG,Karachi,Individual
Nissan,2019.0,3500000.0,40000.0,660.0,Automatic,Petrol,Hyderabad,Individual
Changan,2023.0,7600000.0,79000.0,1500.0,Automatic,Petrol,Quetta,Individual
Suzuki,2012.0,1320000.0,101000.0,1000.0,Manual,Petrol,Karachi,Individual
Hyundai,2022.0,9700000.0,24000.0,2500.0,Automatic,Petrol,Lahore,Individual
Haval,2026.0,9560000.0,20.0,1500.0,Automatic,Petrol,Islamabad,Individual
Toyota,1999.0,1415000.0,268000.0,1600.0,Manual,Petrol,Faisalabad,Individual
Toyota,2008.0,2380000.0,135000.0,1000.0,Automatic,Petrol,Lahore,Individual
Suzuki,2022.0,2595000.0,78000.0,660.0,Manual,Petrol,Lahore,Individual
Hyundai,2021.0,5750000.0,38000.0,2000.0,Automatic,Petrol,Lahore,Individual
Suzuki,1990.0,919999.9999999999,87000.0,1000.0,Manual,Petrol,Abbottabad,Individual
Honda,2016.0,3500000.0,180000.0,1300.0,Manual,Petrol,Faisalabad,Individual
Suzuki,2025.0,3240000.0,36000.0,660.0,Automatic,Petrol,Lahore,Individual
Daihatsu,2023.0,4175000.0,6500.0,660.0,Automatic,Petrol,Sialkot,Individual
Honda,2022.0,7390000.000000001,40000.0,1500.0,Automatic,Petrol,Islamabad,Individual
Honda,2004.0,1700000.0,220000.0,1600.0,Manual,Petrol,Peshawar,Individual
Toyota,2022.0,4475000.0,105.0,1300.0,Automatic,Petrol,Kamoke,Individual
Suzuki,2024.0,3250000.0,4900.0,660.0,Automatic,Petrol,Karachi,Individual
Hyundai,2025.0,121000.0,1800.0,1600.0,Automatic,Hybrid,Islamabad,Individual
Daihatsu,2023.0,3575000.0,20000.0,660.0,Automatic,Petrol,Islamabad,Individual
Honda,2014.0,3200000.0,159169.0,1800.0,Automatic,Petrol,Lahore,Individual
Toyota,2017.0,5400000.0,116000.0,1800.0,Automatic,Petrol,Islamabad,Individual
Suzuki,2017.0,2325000.0,148520.0,1000.0,Manual,Petrol,Islamabad,Individual
Honda,2016.0,4200000.0,126000.0,1500.0,Automatic,Hybrid,Karachi,Individual
Nissan,2024.0,4200000.0,12169.0,660.0,Automatic,Petrol,Lahore,Individual
KIA,2023.0,5350000.0,51460.0,1400.0,Automatic,Petrol,Lahore,Individual
Hyundai,2025.0,9100000.0,29500.0,1600.0,Automatic,Hybrid,Islamabad,Individual
Prince,2021.0,1095000.0,17000.0,800.0,Manual,Petrol,Karachi,Individual
Suzuki,2014.0,1550000.0,38039.0,1000.0,Manual,Petrol,Islamabad,Individual
Suzuki,2015.0,850000.0,50000.0,796.0,Manual,Petrol,Bahawalpur,Individual
Suzuki,2004.0,760000.0,150000.0,1000.0,Manual,Petrol,Lahore,Individual
Suzuki,1993.0,310000.0,150000.0,800.0,Manual,Petrol,Karachi,Individual
Honda,2012.0,2575000.0,266000.0,1800.0,Manual,Petrol,Lahore,Individual
Daihatsu,2022.0,3850000.0,60000.0,660.0,Automatic,Petrol,Sialkot,Individual
Mitsubishi,1990.0,1000000.0,195000.0,1300.0,Manual,Petrol,Karachi,Individual
Toyota,2011.0,4245000.0,137500.0,1800.0,Automatic,Hybrid,Karachi,Individual
Daihatsu,2011.0,1270000.0,90000.0,660.0,Manual,Petrol,Karachi,Individual
Toyota,2022.0,4710000.0,26500.0,1300.0,Automatic,Petrol,Faisalabad,Individual
Honda,2015.0,3850000.0,159120.0,1800.0,Automatic,Petrol,Lahore,Individual
Suzuki,2021.0,3345000.0000000005,49000.0,1000.0,Manual,Petrol,Lahore,Individual
Suzuki,2018.0,1460000.0,128000.0,796.0,Manual,Petrol,Lahore,Individual
Toyota,2020.0,6100000.0,76500.0,1800.0,Automatic,Petrol,Islamabad,Individual
Nissan,2011.0,3150000.0,123455.0,1600.0,Automatic,Petrol,Peshawar,Individual
Suzuki,2009.0,1265000.0,79000.0,1000.0,Manual,Petrol,Lahore,Individual
Toyota,2010.0,2450000.0,175000.0,1300.0,Manual,Petrol,Sialkot,Individual
